"","Comparison","SIMPER","OTU","krusk_p.val","fdr_krusk_p.val","Taxonomy","Left mean abund","Left stdev","Right mean abund","Right stdev"
"1","mat_combined",0.0551451727180287,"bin_144",0.179712494879,0.848061353215573,"NA","0.00605532372567318",NA,"0.0695304479762855","0.0536314565688087"
"2","mat_combined",0.0521552801013513,"bin_191",0.179712494879,0.848061353215573,"NA","0.11233933990424",NA,"0.00868477175417458","0.0142725435338271"
"3","mat_combined",0.045237962103539,"bin_64",0.179712494879,0.848061353215573,"NA","0.105901655355543",NA,"0.0128408597981092","0.0207375043719479"
"4","mat_combined",0.033964482024372,"bin_221",0.654720846018578,0.91592181345906,"NA","0.0107564571317326",NA,"0.0455474435170841","0.0421757158850029"
"5","mat_combined",0.03393187416366,"bin_158",0.654720846018578,0.91592181345906,"NA","0.0373464435055162",NA,"0.0577730756797987","0.039601597592157"
"6","mat_combined",0.023684265060615,"bin_12",0.179712494879,0.848061353215573,"NA","0.0499904336732597",NA,"0.00329065331148264","0.00339892806562681"
"7","mat_combined",0.022845001505769,"bin_151",0.654720846018578,0.91592181345906,"NA","0.0419768934212568",NA,"0.0212211630707384","0.0319992027697976"
"8","mat_combined",0.021161205325731,"bin_88",0.179712494879,0.848061353215573,"NA","0.0433846233157382",NA,"0.00212747937773137","0.00276451254761575"
"9","mat_combined",0.019657381857058,"bin_2",0.654720846018578,0.91592181345906,"NA","0.000454688200398629",NA,"0.0232409612726031","0.0401939084932435"
"10","mat_combined",0.01613077991067,"bin_257",0.654720846018578,0.91592181345906,"NA","0.000233961658869662",NA,"0.0190510059797413","0.0263925529505986"
"11","mat_combined",0.015024591605046,"bin_185",0.179712494879,0.848061353215573,"NA","0.0314700915901536",NA,"0.00195062251443721","0.00204329618227851"
"12","mat_combined",0.013416949104344,"bin_135",0.654720846018578,0.91592181345906,"NA","0.000582052916402856",NA,"0.0161282047290848","0.0144858024446543"
"13","mat_combined",0.012454626165209,"bin_197",0.654720846018578,0.91592181345906,"NA","0.00447744056166521",NA,"0.0142275284589422","0.024090717376389"
"14","mat_combined",0.012142298942131,"bin_288",0.654720846018578,0.91592181345906,"NA","0.00269249703718583",NA,"0.0153451842082615","0.0230500310114119"
"15","mat_combined",0.010910079343891,"bin_58",0.179712494879,0.848061353215573,"NA","0.000575334897967985",NA,"0.0135064523349291","0.011803724673324"
"16","mat_combined",0.010638861946217,"bin_175",0.654720846018578,0.91592181345906,"NA","0.00942211766158864",NA,"0.0107822310564023","0.0181771670643631"
"17","mat_combined",0.010325152098866,"bin_201",0.654720846018578,0.91592181345906,"NA","0.0306952034159359",NA,"0.00850411615720409","0.0111483916919225"
"18","mat_combined",0.010031104525946,"bin_270",0.179712494879,0.848061353215573,"NA","0.0222722147353111",NA,"0.00207789207012321","0.00177280533557079"
"19","mat_combined",0.00928875543500601,"bin_87",0.654720846018578,0.91592181345906,"NA","0.00304202030299878",NA,"0.0104577682369824","0.0179861404841045"
"20","mat_combined",0.00918731402709899,"bin_34",0.654720846018578,0.91592181345906,"NA","0.000737864184637829",NA,"0.0111702268662735","0.0100578026137268"
"21","mat_combined",0.00861994135608002,"bin_173",0.654720846018578,0.91592181345906,"NA","0.0052336249542698",NA,"0.0116036472226483","0.0132130864986582"
"22","mat_combined",0.008540993745492,"bin_218",0.654720846018578,0.91592181345906,"NA","6.07763309956212e-05",NA,"0.0103863162671749","0.0155973965856454"
"23","mat_combined",0.00843788976404103,"bin_171",0.179712494879,0.848061353215573,"NA","0.0169861205593012",NA,"0.000663904926432248","0.000495666654371928"
"24","mat_combined",0.00837904485044499,"bin_170",0.179712494879,0.848061353215573,"NA","0.0188595161666319",NA,"0.00188524926191523","0.00294580819193429"
"25","mat_combined",0.00830764645354698,"bin_65",0.179712494879,0.848061353215573,"NA","0.0214343437683606",NA,"0.0036071692166387","0.00367489776727003"
"26","mat_combined",0.00789137243368199,"bin_183",0.654720846018578,0.91592181345906,"NA","3.22713294473353e-05",NA,"0.00935341105516569","0.0104095276439866"
"27","mat_combined",0.007812738448506,"bin_284",0.654720846018578,0.91592181345906,"NA","0.0196678300443184",NA,"0.00929523567434745","0.0106936513985526"
"28","mat_combined",0.00734344643573004,"bin_260",0.654720846018578,0.91592181345906,"NA","0.000113000796218522",NA,"0.00895266925998612","0.0142074799216693"
"29","mat_combined",0.00719103067997595,"bin_242",0.654720846018578,0.91592181345906,"NA","0.000241505273914799",NA,"0.0085936604672564","0.0141834240663282"
"30","mat_combined",0.00718809959981603,"bin_234",0.654720846018578,0.91592181345906,"NA","0.0051939342145771",NA,"0.00984121031246038","0.00843852536505525"
"31","mat_combined",0.00714819702078395,"bin_282",0.654720846018578,0.91592181345906,"NA","0.00137119176485354",NA,"0.00883215774909873","0.0147949742125218"
"32","mat_combined",0.00706596252311409,"bin_226",0.654720846018578,0.91592181345906,"NA","0.00337347542352686",NA,"0.00807635379328603","0.013437018432985"
"33","mat_combined",0.00705282048112799,"bin_16",0.654720846018578,0.91592181345906,"NA","0.000184491617735881",NA,"0.00857002607530223","0.0104188699552173"
"34","mat_combined",0.00689004563653395,"bin_274",0.179712494879,0.848061353215573,"NA","0.0142869055036805",NA,"0.000798269738082565","0.000979637948673347"
"35","mat_combined",0.00682002264465897,"bin_247",0.179712494879,0.848061353215573,"NA","0.00114760120676507",NA,"0.00884974141965154","0.00402131086593892"
"36","mat_combined",0.00609437808237701,"bin_140",0.179712494879,0.848061353215573,"NA","0.0122521313306191",NA,"0.000464875160644817","0.000291154205798985"
"37","mat_combined",0.00601009757120108,"bin_207",0.654720846018578,0.91592181345906,"NA","0.0080841652930042",NA,"0.00924131558144313","0.0105419635156542"
"38","mat_combined",0.00582008809993695,"bin_146",0.654720846018578,0.91592181345906,"NA","0.0176128908567053",NA,"0.00474747414017305","0.00599499648965921"
"39","mat_combined",0.00556217668199399,"bin_107",0.654720846018578,0.91592181345906,"NA","0.00329186921699256",NA,"0.00600172674275685","0.0102511334838469"
"40","mat_combined",0.00546858777884807,"bin_251",0.654720846018578,0.91592181345906,"NA","0.00677073971929291",NA,"0.0055359197299155","0.00894009397606955"
"41","mat_combined",0.00542196564423192,"bin_80",0.654720846018578,0.91592181345906,"NA","0.000522686675192912",NA,"0.00667151111466328","0.00566963094980122"
"42","mat_combined",0.00528408151735205,"bin_258",0.654720846018578,0.91592181345906,"NA","0.00279388468462542",NA,"0.00699427815974994","0.00894788560059246"
"43","mat_combined",0.00519442274076498,"bin_252",0.654720846018578,0.91592181345906,"NA","0.0042369910285485",NA,"0.00622011253125707","0.00938823222985182"
"44","mat_combined",0.00502644118277296,"bin_250",0.179712494879,0.848061353215573,"NA","0.0132046287154322",NA,"0.00231306861206772","0.00301965229652774"
"45","mat_combined",0.00492656991775509,"bin_43",0.654720846018578,0.91592181345906,"NA","0.00908626057683324",NA,"0.00450020739587425","0.00686718180641135"
"46","mat_combined",0.00484305177502897,"bin_184",0.179712494879,0.848061353215573,"NA","0.0110067736402667",NA,"0.00115734826304843","0.00162374246594738"
"47","mat_combined",0.00479819705519402,"bin_62",0.654720846018578,0.91592181345906,"NA","0.0223689775805003",NA,"0.00917431040515276","0.00486861443118719"
"48","mat_combined",0.00476868242391293,"bin_222",0.654720846018578,0.91592181345906,"NA","0.000411260357465651",NA,"0.00577550321633395","0.00729926044749934"
"49","mat_combined",0.00476087224797705,"bin_287",0.654720846018578,0.91592181345906,"NA","0.00299004059429308",NA,"0.00660112191877449","0.00760166600950993"
"50","mat_combined",0.00475817087939201,"bin_241",0.654720846018578,0.91592181345906,"NA","0.00579207165255078",NA,"0.00594435531171993","0.00820992706354921"
"51","mat_combined",0.00473534501905493,"bin_232",0.654720846018578,0.91592181345906,"NA","4.52507310237879e-05",NA,"0.0057315067421885","0.00702059038977007"
"52","mat_combined",0.00472679957847311,"bin_133",0.654720846018578,0.91592181345906,"NA","0.000645656733134524",NA,"0.00569847399759466","0.00890866187963369"
"53","mat_combined",0.00468653721382495,"bin_233",0.654720846018578,0.91592181345906,"NA","0.000276775783968458",NA,"0.00566459344264266","0.00511574179811062"
"54","mat_combined",0.00467233556334801,"bin_273",0.654720846018578,0.91592181345906,"NA","0.00489773864485564",NA,"0.00689883967843445","0.00758007624893671"
"55","mat_combined",0.00450064024180796,"bin_38",0.654720846018578,0.91592181345906,"NA","9.78331983166275e-05",NA,"0.0053334096667564","0.00688795011117825"
"56","mat_combined",0.00449737418374108,"bin_223",0.654720846018578,0.91592181345906,"NA","0.000383595564857018",NA,"0.00540293466478761","0.00640205927931331"
"57","mat_combined",0.00435018750279392,"bin_266",0.654720846018578,0.91592181345906,"NA","0.000205705066920925",NA,"0.00521003493717759","0.00507917121859377"
"58","mat_combined",0.00432150861435798,"bin_112",0.654720846018578,0.91592181345906,"NA","0.00846151774013137",NA,"0.00407584269432867","0.00608452309026475"
"59","mat_combined",0.00431296367403,"bin_271",0.179712494879,0.848061353215573,"NA","0.0103659864658998",NA,"0.00142139549922828","0.00169187261133554"
"60","mat_combined",0.00421282400235701,"bin_217",0.34577858615116,0.91592181345906,"NA","0",NA,"0.00513279521254192","0.00883398189789742"
"61","mat_combined",0.004179357668601,"bin_264",0.654720846018578,0.91592181345906,"NA","0.00942178523109512",NA,"0.0092515877517658","0.00831060280014701"
"62","mat_combined",0.00396248575981406,"bin_47",0.654720846018578,0.91592181345906,"NA","0.000414796541176883",NA,"0.0046604531101611","0.00800220346165509"
"63","mat_combined",0.00391030017926497,"bin_153",0.179712494879,0.848061353215573,"NA","0.0108349180343667",NA,"0.00219203987599641","0.00136417615067024"
"64","mat_combined",0.00375908112391299,"bin_231",0.654720846018578,0.91592181345906,"NA","0.00996934939706643",NA,"0.0033634532687813","0.00441546642717179"
"65","mat_combined",0.00370891201900003,"bin_219",0.654720846018578,0.91592181345906,"NA","0.000763125249062588",NA,"0.00479383834365705","0.00661798520798523"
"66","mat_combined",0.00370066541464997,"bin_20",0.654720846018578,0.91592181345906,"NA","0.00161544050361043",NA,"0.00419165342619455","0.00698300004103041"
"67","mat_combined",0.003648180107091,"bin_238",0.654720846018578,0.91592181345906,"NA","0.000959553313365049",NA,"0.00432930672837249","0.00740252824586113"
"68","mat_combined",0.00362488894519297,"bin_11",0.654720846018578,0.91592181345906,"NA","0.000592029484290639",NA,"0.00448302586644839","0.00555677523508179"
"69","mat_combined",0.00359548759167605,"bin_268",0.654720846018578,0.91592181345906,"NA","0.00125590413908623",NA,"0.00466158234718751","0.00654956450529802"
"70","mat_combined",0.00359321887196695,"bin_279",0.654720846018578,0.91592181345906,"NA","0.00160430956170121",NA,"0.00478868667766543","0.00736297470868265"
"71","mat_combined",0.00357033413881802,"bin_194",0.654720846018578,0.91592181345906,"NA","0.000196729443596032",NA,"0.00423938415823169","0.00727644946215406"
"72","mat_combined",0.00348359661551401,"bin_161",0.179712494879,0.848061353215573,"NA","0.00701090431198662",NA,"0.000270506789022903","0.000255738645466962"
"73","mat_combined",0.00339353858300195,"bin_229",0.654720846018578,0.91592181345906,"NA","0.00460106817442916",NA,"0.00685247149200129","0.00374184941467842"
"74","mat_combined",0.00335437831054608,"bin_156",0.654720846018578,0.91592181345906,"NA","0.00123144309969531",NA,"0.00447304831377995","0.0046373276789277"
"75","mat_combined",0.00329636245898801,"bin_237",0.654720846018578,0.91592181345906,"NA","0.00296892577833139",NA,"0.00436731784204158","0.00614351514096324"
"76","mat_combined",0.00328364174293994,"bin_181",0.654720846018578,0.91592181345906,"NA","0.00751380224010955",NA,"0.00267120808344863","0.00413268657992493"
"77","mat_combined",0.00326571793544805,"bin_236",0.654720846018578,0.91592181345906,"NA","7.03583659900021e-06",NA,"0.00398161917508681","0.0068919338688857"
"78","mat_combined",0.00321642036580994,"bin_214",0.654720846018578,0.91592181345906,"NA","0.00029386855626686",NA,"0.00385492034814346","0.00531613261935908"
"79","mat_combined",0.00320159548001708,"bin_286",0.654720846018578,0.91592181345906,"NA","2.7248341221154e-05",NA,"0.00380088027917978","0.00406976678926557"
"80","mat_combined",0.00314369734473896,"bin_216",0.654720846018578,0.91592181345906,"NA","0.0024959100638013",NA,"0.00342683585943001","0.00563220379438798"
"81","mat_combined",0.00312488334624894,"bin_83",0.654720846018578,0.91592181345906,"NA","5.67944712381393e-05",NA,"0.00381986129131579","0.00583793324268478"
"82","mat_combined",0.00310492143750307,"bin_174",0.654720846018578,0.91592181345906,"NA","0.000128098985555837",NA,"0.00373448597266827","0.00323542725964377"
"83","mat_combined",0.00309901533319101,"bin_224",0.654720846018578,0.91592181345906,"NA","0.000344522196080846",NA,"0.00378225972427919","0.00599948235716747"
"84","mat_combined",0.00302793082881592,"bin_205",0.654720846018578,0.91592181345906,"NA","0.00156067349307449",NA,"0.00364604760413852","0.0059757496363477"
"85","mat_combined",0.0029473921242601,"bin_7",0.654720846018578,0.91592181345906,"NA","7.34744452314077e-05",NA,"0.00357078593688731","0.0036501231162857"
"86","mat_combined",0.00294118200516491,"bin_73",0.654720846018578,0.91592181345906,"NA","0.00192907040882967",NA,"0.00390232672735219","0.00398238356402677"
"87","mat_combined",0.00289896066119699,"bin_187",0.654720846018578,0.91592181345906,"NA","0.00319014548597711",NA,"0.00382721675293329","0.00523451805120359"
"88","mat_combined",0.00287865314842606,"bin_82",0.654720846018578,0.91592181345906,"NA","0.00518369097167804",NA,"0.00493889843560271","0.00432586225038479"
"89","mat_combined",0.00286756323751602,"bin_225",0.654720846018578,0.91592181345906,"NA","0.000210899750017383",NA,"0.00352842531724589","0.00532735710689959"
"90","mat_combined",0.00280735659185094,"bin_102",0.654720846018578,0.91592181345906,"NA","1.34798738578976e-06",NA,"0.00330679293935588","0.00451413764429021"
"91","mat_combined",0.00273635677658701,"bin_249",0.654720846018578,0.91592181345906,"NA","8.17705952398861e-05",NA,"0.00327765481229284","0.00290055951750897"
"92","mat_combined",0.00269373239695203,"bin_199",0.654720846018578,0.91592181345906,"NA","2.24153132769809e-05",NA,"0.00328375918619145","0.00525084991670195"
"93","mat_combined",0.00268797408044696,"bin_15",0.654720846018578,0.91592181345906,"NA","0.0025172696362802",NA,"0.00375947454692913","0.00324483533068824"
"94","mat_combined",0.00267195205088799,"bin_125",0.654720846018578,0.91592181345906,"NA","0.000579798964595181",NA,"0.00326725680978195","0.00502139345072476"
"95","mat_combined",0.00263403920322802,"bin_278",0.654720846018578,0.91592181345906,"NA","0.00144625164782325",NA,"0.00327899090956087","0.00507688194309712"
"96","mat_combined",0.00262474002296997,"bin_84",0.654720846018578,0.91592181345906,"NA","0.000963105935946839",NA,"0.00337383093289108","0.00537827115223234"
"97","mat_combined",0.00260528432671803,"bin_36",0.179712494879,0.848061353215573,"NA","0.000310621591907055",NA,"0.00328930218030222","0.00078515526320004"
"98","mat_combined",0.00257562994149096,"bin_285",0.654720846018578,0.91592181345906,"NA","0.000142451946094503",NA,"0.00305326647979849","0.00524719733051001"
"99","mat_combined",0.00257329518981608,"bin_134",0.654720846018578,0.91592181345906,"NA","0.000135017923519755",NA,"0.0030486463668518","0.00497605475246034"
"100","mat_combined",0.00254435332992697,"bin_248",0.654720846018578,0.91592181345906,"NA","0.00267193018357608",NA,"0.00324400382178801","0.00454061280495961"
"101","mat_combined",0.00251822324772299,"bin_28",0.179712494879,0.848061353215573,"NA","0.00509473111038061",NA,"0.000211946384921049","0.00020618466947657"
"102","mat_combined",0.00250316638820802,"bin_262",0.654720846018578,0.91592181345906,"NA","2.98822135928462e-06",NA,"0.00304139446132953","0.00466925859640863"
"103","mat_combined",0.00243106413066296,"bin_123",0.654720846018578,0.91592181345906,"NA","0.000420663391425063",NA,"0.00311689689961198","0.00256881484874252"
"104","mat_combined",0.00239682189878598,"bin_193",0.179712494879,0.848061353215573,"NA","0.00513055323586856",NA,"0.000376507446833395","0.000343581530168587"
"105","mat_combined",0.00237562556170001,"bin_89",0.654720846018578,0.91592181345906,"NA","0.000117632904633648",NA,"0.00285229407962303","0.00320486292607551"
"106","mat_combined",0.00236433981165496,"bin_110",0.654720846018578,0.91592181345906,"NA","0.000852110681936444",NA,"0.00299212955490011","0.00432193458715855"
"107","mat_combined",0.002346502828385,"bin_200",0.654720846018578,0.91592181345906,"NA","3.13781508136616e-05",NA,"0.00287060917905165","0.00479378509811404"
"108","mat_combined",0.00229916784280304,"bin_256",0.654720846018578,0.91592181345906,"NA","0.000198219901193328",NA,"0.00270838459178448","0.00465691760887222"
"109","mat_combined",0.00223929878676998,"bin_33",0.654720846018578,0.91592181345906,"NA","6.33444478850798e-06",NA,"0.00266014895711217","0.00262870715527926"
"110","mat_combined",0.00223296006875107,"bin_150",0.654720846018578,0.91592181345906,"NA","0.00590283310929101",NA,"0.0014133182146078","0.00233641743293114"
"111","mat_combined",0.00214113632540691,"bin_131",0.654720846018578,0.91592181345906,"NA","0.00543272159522624",NA,"0.00138197672434791","0.00231589912152592"
"112","mat_combined",0.00211509459835901,"bin_118",0.654720846018578,0.91592181345906,"NA","0.00412942236577894",NA,"0.00174702725750577","0.00280246481918154"
"113","mat_combined",0.00211306600239602,"bin_254",0.654720846018578,0.91592181345906,"NA","0.000937099642723432",NA,"0.00255525458956066","0.00409815916536948"
"114","mat_combined",0.002102650768393,"bin_276",0.654720846018578,0.91592181345906,"NA","1.12807182854167e-05",NA,"0.00256795892339394","0.00439648795183727"
"115","mat_combined",0.00209831221564705,"bin_186",0.654720846018578,0.91592181345906,"NA","0.00016798333861289",NA,"0.00254264897316408","0.00220092860419085"
"116","mat_combined",0.00208941178768196,"bin_244",0.179712494879,0.848061353215573,"NA","3.55554504766714e-05",NA,"0.00251136078607494","0.00214850100341266"
"117","mat_combined",0.00203076940396496,"bin_55",0.179712494879,0.848061353215573,"NA","0.000997342623696491",NA,"0.00307982790837812","0.00234001361945625"
"118","mat_combined",0.00199210665599003,"bin_141",0.654720846018578,0.91592181345906,"NA","0.000896565041008735",NA,"0.0021720006528292","0.00371615752651034"
"119","mat_combined",0.00195987196029002,"bin_103",0.654720846018578,0.91592181345906,"NA","0.0044258152019471",NA,"0.00405442019431472","0.00279315962908038"
"120","mat_combined",0.00195590852489202,"bin_139",0.654720846018578,0.91592181345906,"NA","0.000180699718260408",NA,"0.00237525063924836","0.00395073628628691"
"121","mat_combined",0.00194417557265691,"bin_106",0.654720846018578,0.91592181345906,"NA","7.54726812748413e-06",NA,"0.00229454539907179","0.0029532969140759"
"122","mat_combined",0.00191679274185208,"bin_100",0.654720846018578,0.91592181345906,"NA","0.00150059490080701",NA,"0.00263297654814773","0.00285297203886496"
"123","mat_combined",0.00187891407608198,"bin_30",0.654720846018578,0.91592181345906,"NA","0.00123433268783125",NA,"0.00221365267877784","0.00350782577959273"
"124","mat_combined",0.00187372846077904,"bin_220",0.654720846018578,0.91592181345906,"NA","3.28156387169361e-05",NA,"0.00225713141811615","0.00212290893434784"
"125","mat_combined",0.00186513899322094,"bin_19",0.654720846018578,0.91592181345906,"NA","0.000442833948184841",NA,"0.0021775330990492","0.00369096320460073"
"126","mat_combined",0.00184573924279496,"bin_98",0.654720846018578,0.91592181345906,"NA","0.00152093161022894",NA,"0.00197278903804581","0.00327455431090332"
"127","mat_combined",0.00183831585848204,"bin_255",0.654720846018578,0.91592181345906,"NA","0.000411417440006543",NA,"0.00238855740904386","0.0020494151796761"
"128","mat_combined",0.00182400341761202,"bin_228",0.654720846018578,0.91592181345906,"NA","0.000891224234618425",NA,"0.002402587787929","0.00321883222665608"
"129","mat_combined",0.00180625574787796,"bin_69",0.179712494879,0.848061353215573,"NA","0.000312155886492507",NA,"0.00235933664807281","0.000867882173444066"
"130","mat_combined",0.00179133310455004,"bin_95",0.654720846018578,0.91592181345906,"NA","0.000706692432976734",NA,"0.00199801443130435","0.00342711827172276"
"131","mat_combined",0.00177154507529698,"bin_99",0.654720846018578,0.91592181345906,"NA","0.000109303876884053",NA,"0.00209705198107864","0.00360446748154139"
"132","mat_combined",0.00175003710881205,"bin_81",0.654720846018578,0.91592181345906,"NA","0.00425945017881363",NA,"0.00123264318293894","0.00198782739229087"
"133","mat_combined",0.0017084765710299,"bin_78",0.179712494879,0.848061353215573,"NA","0.00369644078068211",NA,"0.000292771279926729","0.000422059747952286"
"134","mat_combined",0.00170695437449109,"bin_209",0.654720846018578,0.91592181345906,"NA","0.000186338250861943",NA,"0.00207490515915082","0.00186435997536355"
"135","mat_combined",0.00170035596635898,"bin_280",0.654720846018578,0.91592181345906,"NA","0.000336459843342532",NA,"0.00211333207948729","0.00251899275806978"
"136","mat_combined",0.00168789599576302,"bin_54",0.179712494879,0.848061353215573,"NA","0.00451345630051752",NA,"0.000850891636218735","0.0011825329392886"
"137","mat_combined",0.00168630271123893,"bin_117",0.179712494879,0.848061353215573,"NA","0.000113373410617846",NA,"0.00210891948034708","0.00211929415496375"
"138","mat_combined",0.00166135163499603,"bin_269",0.34577858615116,0.91592181345906,"NA","0",NA,"0.00202260553189968","0.00338320153920162"
"139","mat_combined",0.00162712037504298,"bin_154",0.654720846018578,0.91592181345906,"NA","0.00040679263775611",NA,"0.00202323227623073","0.00198310746658872"
"140","mat_combined",0.00161708865737997,"bin_227",0.654720846018578,0.91592181345906,"NA","0.000267891487702223",NA,"0.00190184705836514","0.00323884951876596"
"141","mat_combined",0.00160397371784604,"bin_130",0.654720846018578,0.91592181345906,"NA","0.000807334851617676",NA,"0.00210845145329484","0.00212271940851787"
"142","mat_combined",0.00154524773128395,"bin_74",0.654720846018578,0.91592181345906,"NA","0.00450933562363087",NA,"0.00173353969775579","0.00181620345448598"
"143","mat_combined",0.00152927149179005,"bin_96",0.654720846018578,0.91592181345906,"NA","1.55767431246817e-05",NA,"0.0018660845946356","0.00301981870683349"
"144","mat_combined",0.00152089916165699,"bin_109",0.654720846018578,0.91592181345906,"NA","0.000297722558142221",NA,"0.00191243161791039","0.00286250294049086"
"145","mat_combined",0.00149341532574399,"bin_145",0.654720846018578,0.91592181345906,"NA","9.31791714074238e-05",NA,"0.0018308053220648","0.00259217598121731"
"146","mat_combined",0.00148695885729799,"bin_148",0.179712494879,0.848061353215573,"NA","0.00316769364187666",NA,"0.000223576630884972","0.000286634540254722"
"147","mat_combined",0.00147817343477508,"bin_240",0.654720846018578,0.91592181345906,"NA","0.000789825627931795",NA,"0.00166883865528053","0.00277897715490957"
"148","mat_combined",0.00144629738690993,"bin_157",0.34577858615116,0.91592181345906,"NA","0",NA,"0.00170709266544067","0.00212276974618578"
"149","mat_combined",0.00143723026435905,"bin_113",0.654720846018578,0.91592181345906,"NA","0.000261454756608019",NA,"0.00177348214613692","0.00265038317558736"
"150","mat_combined",0.00142971188461993,"bin_155",0.654720846018578,0.91592181345906,"NA","0.000225702039684646",NA,"0.00165959067273126","0.00282875017885265"
"151","mat_combined",0.00140493127734109,"bin_59",0.654720846018578,0.91592181345906,"NA","0.00180108649536774",NA,"0.00241892820599241","0.00215073422505136"
"152","mat_combined",0.00139149862357091,"bin_56",0.563702861650774,0.91592181345906,"NA","0",NA,"0.00169565691816161","0.00293696393446158"
"153","mat_combined",0.00138382465547404,"bin_267",0.654720846018578,0.91592181345906,"NA","0.00138449263767647",NA,"0.00165960597093915","0.00242894534719356"
"154","mat_combined",0.00138140634318895,"bin_168",0.654720846018578,0.91592181345906,"NA","0.00057680709015355",NA,"0.00154509226348126","0.00260596169735871"
"155","mat_combined",0.00136520861521705,"bin_23",0.654720846018578,0.91592181345906,"NA","0.00271307485004261",NA,"0.00293204384115077","0.00216484260962649"
"156","mat_combined",0.00136236329168005,"bin_79",0.179712494879,0.848061353215573,"NA","0.00391778104004526",NA,"0.000835197501770198","0.00130968037930141"
"157","mat_combined",0.00134659957250594,"bin_9",0.654720846018578,0.91592181345906,"NA","8.68155019601454e-05",NA,"0.00160808027034634","0.00217463350032674"
"158","mat_combined",0.00133671047092299,"bin_72",0.654720846018578,0.91592181345906,"NA","0.000687798691081599",NA,"0.00155208517071783","0.00250920317634391"
"159","mat_combined",0.00132303359318309,"bin_29",0.654720846018578,0.91592181345906,"NA","6.36805314609406e-05",NA,"0.00156428189637133","0.00261673359136344"
"160","mat_combined",0.00128595952766197,"bin_66",0.654720846018578,0.91592181345906,"NA","0.00130695231179362",NA,"0.00141710873567395","0.00219934041774355"
"161","mat_combined",0.00128177315690603,"bin_283",0.654720846018578,0.91592181345906,"NA","0.00154126466656853",NA,"0.00199661507721709","0.0017680202914083"
"162","mat_combined",0.00127439337705193,"bin_143",0.654720846018578,0.91592181345906,"NA","0.000152695188993567",NA,"0.00154703983598282","0.00253257154403754"
"163","mat_combined",0.00126398591474297,"bin_243",0.654720846018578,0.91592181345906,"NA","5.61478756628417e-06",NA,"0.00149648232151922","0.00168535465837257"
"164","mat_combined",0.00124893321216402,"bin_45",0.654720846018578,0.91592181345906,"NA","0.000412162668805191",NA,"0.001578898970141","0.00138060005785333"
"165","mat_combined",0.00123755132023207,"bin_61",0.654720846018578,0.91592181345906,"NA","0.000139408928500024",NA,"0.00149148970716444","0.00197167777281795"
"166","mat_combined",0.00123223425122398,"bin_235",0.654720846018578,0.91592181345906,"NA","0.00346134301320274",NA,"0.00221621978586978","0.00191891652133723"
"167","mat_combined",0.00122146649428301,"bin_253",0.654720846018578,0.91592181345906,"NA","0.00123812093422437",NA,"0.00148339470808945","0.00215316106897755"
"168","mat_combined",0.00120484225267292,"bin_114",0.654720846018578,0.91592181345906,"NA","3.8346405389255e-05",NA,"0.00142647686426634","0.00234768986280208"
"169","mat_combined",0.00120015726628409,"bin_22",0.654720846018578,0.91592181345906,"NA","3.78897700959658e-05",NA,"0.00147675790272736","0.00207283300474212"
"170","mat_combined",0.00117514419106102,"bin_127",0.34577858615116,0.91592181345906,"NA","0",NA,"0.00143078243963228","0.00240009751030447"
"171","mat_combined",0.00116975725686197,"bin_71",0.34577858615116,0.91592181345906,"NA","0",NA,"0.00142271587039194","0.00229191252813089"
"172","mat_combined",0.00116878244851892,"bin_31",0.654720846018578,0.91592181345906,"NA","5.43943961366112e-06",NA,"0.00139042847104885","0.00134377164240716"
"173","mat_combined",0.00116217480471603,"bin_165",0.179712494879,0.848061353215573,"NA","0.000115627362425522",NA,"0.00145052743966082","0.00131363421308301"
"174","mat_combined",0.00113231703480199,"bin_204",0.179712494879,0.848061353215573,"NA","0.0032050610211971",NA,"0.000681152996268843","0.000758850769305422"
"175","mat_combined",0.00112863250613104,"bin_76",0.654720846018578,0.91592181345906,"NA","0.000249092725948093",NA,"0.00141015752928489","0.00222455138554259"
"176","mat_combined",0.00112823419604302,"bin_195",0.34577858615116,0.91592181345906,"NA","0",NA,"0.00136886715407453","0.0020009636021417"
"177","mat_combined",0.00112771563385594,"bin_108",0.654720846018578,0.91592181345906,"NA","0.00090810512814074",NA,"0.00157132839080615","0.00170415793899692"
"178","mat_combined",0.00110853800350308,"bin_245",0.654720846018578,0.91592181345906,"NA","0.000410401883114268",NA,"0.00142908868241776","0.00177891518803044"
"179","mat_combined",0.00110364862206191,"bin_281",0.179712494879,0.848061353215573,"NA","0.00419351934862736",NA,"0.0039461042346122","0.00103928048291462"
"180","mat_combined",0.00110051517488707,"bin_57",0.179712494879,0.848061353215573,"NA","0.00308761442376312",NA,"0.000642410862312391","0.000460095733593582"
"181","mat_combined",0.00107950241321098,"bin_8",0.654720846018578,0.91592181345906,"NA","0.000944822258803539",NA,"0.00162575903390554","0.00123445898243021"
"182","mat_combined",0.00107677481298496,"bin_101",0.654720846018578,0.91592181345906,"NA","0.000367463553215696",NA,"0.00124461526429666","0.00207173903777662"
"183","mat_combined",0.00105981557815904,"bin_116",0.637351888233938,0.91592181345906,"NA","1.64790544642212e-05",NA,"0.00128818200191656","0.00223119667671527"
"184","mat_combined",0.00105958981125498,"bin_119",0.654720846018578,0.91592181345906,"NA","0.000105406038020536",NA,"0.00126673489101208","0.00202246013024828"
"185","mat_combined",0.00104559767082602,"bin_129",0.654720846018578,0.91592181345906,"NA","0.00077507448141738",NA,"0.00130815086359005","0.0019606071486237"
"186","mat_combined",0.00104494616395101,"bin_211",0.654720846018578,0.91592181345906,"NA","5.30025717626656e-05",NA,"0.00124759613721754","0.00139655656948404"
"187","mat_combined",0.00104322682966995,"bin_169",0.654720846018578,0.91592181345906,"NA","0.000767702561242519",NA,"0.00146132041448443","0.00152745065516591"
"188","mat_combined",0.00102874008919607,"bin_212",0.654720846018578,0.91592181345906,"NA","0.00160271681779821",NA,"0.00170558883809033","0.00134395132532073"
"189","mat_combined",0.00102502586223996,"bin_177",0.654720846018578,0.91592181345906,"NA","0.000215199427938994",NA,"0.00128222602041226","0.00111188874702378"
"190","mat_combined",0.001023712291912,"bin_27",0.654720846018578,0.91592181345906,"NA","0.00165045895098219",NA,"0.00179784658805426","0.00189341468771236"
"191","mat_combined",0.00102038014350903,"bin_51",0.654720846018578,0.91592181345906,"NA","0.00125226201598695",NA,"0.00104148631969235","0.00174290875597301"
"192","mat_combined",0.00101984946169997,"bin_26",0.654720846018578,0.91592181345906,"NA","0.000562644089896891",NA,"0.00142408345722037","0.0012111094037095"
"193","mat_combined",0.00101701236428997,"bin_172",0.179712494879,0.848061353215573,"NA","0.00285376601044619",NA,"0.000587165208864631","0.00054419845219352"
"194","mat_aggregate",0.0515970088845127,"bin_64",0.220671361919847,0.848061353215573,"NA","0.105901655355543",NA,"0.000345886567144022","0.000409059975404892"
"195","mat_aggregate",0.0512347635410303,"bin_191",0.220671361919847,0.848061353215573,"NA","0.11233933990424",NA,"0.00561513637849125","0.00182086170166886"
"196","mat_aggregate",0.043130529300619,"bin_144",1,1,"NA","0.00605532372567318",NA,"0.0574630308112584","0.0805531769955517"
"197","mat_aggregate",0.041561790462367,"bin_2",1,1,"NA","0.000454688200398629",NA,"0.0553907761869917","0.0783287441093212"
"198","mat_aggregate",0.037872980497281,"bin_147",1,1,"NA","1.78672257558204e-05",NA,"0.0608716630743684","0.08608087864759"
"199","mat_aggregate",0.025963692905083,"bin_13",1,1,"NA","0.000230403556664352",NA,"0.0417502481947439","0.0590437672294497"
"200","mat_aggregate",0.023251519254397,"bin_197",1,1,"NA","0.00447744056166521",NA,"0.0307287907639434","0.0432991660245875"
"201","mat_aggregate",0.022382444914065,"bin_10",1,1,"NA","2.98237642753051e-05",NA,"0.0359742027841078","0.0508752054728452"
"202","mat_aggregate",0.022105867642801,"bin_289",1,1,"NA","6.18466841230911e-06",NA,"0.0355288401551978","0.0502433756256238"
"203","mat_aggregate",0.0218535730676,"bin_251",1,1,"NA","0.00677073971929291",NA,"0.0286057150578319","0.0403950604446799"
"204","mat_aggregate",0.020468052831148,"bin_88",0.220671361919847,0.848061353215573,"NA","0.0433846233157382",NA,"0.00116796436056504","0.000595348886976689"
"205","mat_aggregate",0.019069746735818,"bin_12",0.220671361919847,0.848061353215573,"NA","0.0499904336732597",NA,"0.00721842819258779","0.0100820424988876"
"206","mat_aggregate",0.018755952331218,"bin_151",0.220671361919847,0.848061353215573,"NA","0.0419768934212568",NA,"0.00244912791954511","0.00259345840753886"
"207","mat_aggregate",0.01716300989996,"bin_185",1,1,"NA","0.0314700915901536",NA,"0.0203323353808709","0.0285651799467637"
"208","mat_aggregate",0.016539939329466,"bin_52",1,1,"NA","9.33399070306616e-05",NA,"0.0220581811825578","0.0311812947287588"
"209","mat_aggregate",0.016118721456189,"bin_149",1,1,"NA","6.76916158771931e-06",NA,"0.0259053196975944","0.0366356544539488"
"210","mat_aggregate",0.015835443671647,"bin_158",0.220671361919847,0.848061353215573,"NA","0.0373464435055162",NA,"0.0037913664574682","0.00333564416939365"
"211","mat_aggregate",0.015164300997863,"bin_224",1,1,"NA","0.000344522196080846",NA,"0.0202020930581187","0.0285566884128764"
"212","mat_aggregate",0.014787937533349,"bin_277",0.479500122186953,0.91592181345906,"NA","0",NA,"0.0237659037819628","0.0336100634505058"
"213","mat_aggregate",0.0135048894830451,"bin_111",1,1,"NA","5.05586596729818e-06",NA,"0.0217044176139763","0.0306946817530948"
"214","mat_aggregate",0.010820835413774,"bin_87",1,1,"NA","0.00304202030299878",NA,"0.0142583073013164","0.0200301508823148"
"215","mat_aggregate",0.0107177795416049,"bin_62",0.220671361919847,0.848061353215573,"NA","0.0223689775805003",NA,"0.000375250135712582","0.000502356095925623"
"216","mat_aggregate",0.010598956542859,"bin_194",1,1,"NA","0.000196729443596032",NA,"0.014117775629796","0.0199655497661978"
"217","mat_aggregate",0.010470597105683,"bin_65",0.220671361919847,0.848061353215573,"NA","0.0214343437683606",NA,"3.24431089381918e-05","4.58814846659387e-05"
"218","mat_aggregate",0.010339811378571,"bin_201",1,1,"NA","0.0306952034159359",NA,"0.0255303135970259","0.0139180558157506"
"219","mat_aggregate",0.010269581561841,"bin_226",1,1,"NA","0.00337347542352686",NA,"0.0134476973511243","0.0189568330753359"
"220","mat_aggregate",0.00976746220690305,"bin_270",0.220671361919847,0.848061353215573,"NA","0.0222722147353111",NA,"0.00155634177177717","0.00155094670241147"
"221","mat_aggregate",0.00922097586744797,"bin_170",0.220671361919847,0.848061353215573,"NA","0.0188595161666319",NA,"2.06861704533196e-05","2.12456821418721e-05"
"222","mat_aggregate",0.00854647811462506,"bin_108",1,1,"NA","0.00090810512814074",NA,"0.0113846192833304","0.0160005505555601"
"223","mat_aggregate",0.00846738059128993,"bin_76",1,1,"NA","0.000249092725948093",NA,"0.0112726442929736","0.0159389212358702"
"224","mat_aggregate",0.0082181951480621,"bin_288",1,1,"NA","0.00269249703718583",NA,"0.0109788093378848","0.0151424819452466"
"225","mat_aggregate",0.00813518547477599,"bin_242",1,1,"NA","0.000241505273914799",NA,"0.0108345393895918","0.0153127671310331"
"226","mat_aggregate",0.008096516403717,"bin_171",0.220671361919847,0.848061353215573,"NA","0.0169861205593012",NA,"0.000329128515292415","0.000119197211878285"
"227","mat_aggregate",0.00736070085533291,"bin_284",0.220671361919847,0.848061353215573,"NA","0.0196678300443184",NA,"0.00363712970442697","0.00500759882708931"
"228","mat_aggregate",0.00699903068237706,"bin_154",1,1,"NA","0.00040679263775611",NA,"0.0114030326371454","0.0159812904489442"
"229","mat_aggregate",0.00586836232223797,"bin_98",1,1,"NA","0.00152093161022894",NA,"0.00784060106091651","0.0108654992597583"
"230","mat_aggregate",0.00569553702597703,"bin_107",1,1,"NA","0.00329186921699256",NA,"0.00974010460672259","0.0100264009662126"
"231","mat_aggregate",0.00566214900985795,"bin_140",0.220671361919847,0.848061353215573,"NA","0.0122521313306191",NA,"0.00048216064936131","0.00013500856151605"
"232","mat_aggregate",0.00553439845529402,"bin_228",1,1,"NA","0.000891224234618425",NA,"0.0073090230581753","0.0103298336401267"
"233","mat_aggregate",0.00546595931653704,"bin_181",1,1,"NA","0.00751380224010955",NA,"0.00716168232011482","0.00933695168832744"
"234","mat_aggregate",0.00543594446364093,"bin_274",0.220671361919847,0.848061353215573,"NA","0.0142869055036805",NA,"0.00211666278446911","0.00237652324322138"
"235","mat_aggregate",0.00527637995121699,"bin_138",1,1,"NA","1.24862354597003e-05",NA,"0.00848102548737496","0.0119939812670776"
"236","mat_aggregate",0.00527319557940109,"bin_153",0.220671361919847,0.848061353215573,"NA","0.0108349180343667",NA,"4.83798059671962e-05","2.81837843940418e-05"
"237","mat_aggregate",0.00507246188121191,"bin_271",0.220671361919847,0.848061353215573,"NA","0.0103659864658998",NA,"4.77540793545893e-06","5.02843544765417e-06"
"238","mat_aggregate",0.00494237928387509,"bin_207",1,1,"NA","0.0080841652930042",NA,"0.00879079090701778","0.0124080346500754"
"239","mat_aggregate",0.00493325345622797,"bin_184",0.220671361919847,0.848061353215573,"NA","0.0110067736402667",NA,"0.000661503910494161","4.83881388981303e-05"
"240","mat_aggregate",0.00487010670463894,"bin_189",1,1,"NA","0.000444474182158336",NA,"0.00653850593845468","0.00912059750856117"
"241","mat_aggregate",0.00474915133659803,"bin_275",1,1,"NA","6.84222323464558e-06",NA,"0.0076331300776223","0.0107948760791315"
"242","mat_aggregate",0.00474831074227,"bin_146",0.220671361919847,0.848061353215573,"NA","0.0176128908567053",NA,"0.00622128065164472","0.00870019600364759"
"243","mat_aggregate",0.00468337295764198,"bin_250",0.220671361919847,0.848061353215573,"NA","0.0132046287154322",NA,"0.00242286011888106","0.00265550493617993"
"244","mat_aggregate",0.00461888921606801,"bin_233",1,1,"NA","0.000276775783968458",NA,"0.00745304140457902","0.0105381738548081"
"245","mat_aggregate",0.00438583594144903,"bin_264",0.220671361919847,0.848061353215573,"NA","0.00942178523109512",NA,"0.000358383125211024","0.000410056559988509"
"246","mat_aggregate",0.00437054901246403,"bin_175",0.220671361919847,0.848061353215573,"NA","0.00942211766158864",NA,"0.000327258938595456","0.000405526695384248"
"247","mat_aggregate",0.00434423347800694,"bin_43",0.220671361919847,0.848061353215573,"NA","0.00908626057683324",NA,"0.000159182984171565","0.000100243177948917"
"248","mat_aggregate",0.00411129314535696,"bin_59",1,1,"NA","0.00180108649536774",NA,"0.00543207715784106","0.00752347534051671"
"249","mat_aggregate",0.00409525550647905,"bin_112",0.220671361919847,0.848061353215573,"NA","0.00846151774013137",NA,"7.61245114389795e-05","9.87701617662289e-05"
"250","mat_aggregate",0.00399023832085799,"bin_11",1,1,"NA","0.000592029484290639",NA,"0.00528012582505694","0.00745297149732363"
"251","mat_aggregate",0.00398205444210897,"bin_255",1,1,"NA","0.000411417440006543",NA,"0.00645512391389213","0.00911184676148035"
"252","mat_aggregate",0.00396543014885409,"bin_160",1,1,"NA","3.17891225776219e-05",NA,"0.00529166097501055","0.00747401303907899"
"253","mat_aggregate",0.00386121391460392,"bin_231",0.220671361919847,0.848061353215573,"NA","0.00996934939706643",NA,"0.00139739309712776","0.00136096275344466"
"254","mat_aggregate",0.00363773836096204,"bin_100",1,1,"NA","0.00150059490080701",NA,"0.0047282334888844","0.00667941190334395"
"255","mat_aggregate",0.00359999757642204,"bin_26",1,1,"NA","0.000562644089896891",NA,"0.00476803729461538","0.00671976252149087"
"256","mat_aggregate",0.00353832841463098,"bin_125",1,1,"NA","0.000579798964595181",NA,"0.00574596070694004","0.00812601556061751"
"257","mat_aggregate",0.00352699795869693,"bin_53",1,1,"NA","0.000594356497745241",NA,"0.00573704594556936","0.00810340135888712"
"258","mat_aggregate",0.00351842576119499,"bin_240",1,1,"NA","0.000789825627931795",NA,"0.00470173915629135","0.00653044731984034"
"259","mat_aggregate",0.0035100915659031,"bin_223",1,1,"NA","0.000383595564857018",NA,"0.00569616473193192","0.00803544775065531"
"260","mat_aggregate",0.00350708030404301,"bin_129",1,1,"NA","0.00077507448141738",NA,"0.00470291834021694","0.00650884526104986"
"261","mat_aggregate",0.00346488083199892,"bin_31",1,1,"NA","5.43943961366112e-06",NA,"0.00556901689992228","0.00787577922895505"
"262","mat_aggregate",0.00344692385941303,"bin_187",1,1,"NA","0.00319014548597711",NA,"0.00434871150442013","0.00611373752336752"
"263","mat_aggregate",0.00337535152831003,"bin_68",0.479500122186953,0.91592181345906,"NA","0",NA,"0.00542457523040012","0.00767150786094501"
"264","mat_aggregate",0.003372351612836,"bin_75",1,1,"NA","3.88651430824316e-05",NA,"0.00542679334482445","0.00767072826888996"
"265","mat_aggregate",0.00329360700116998,"bin_256",1,1,"NA","0.000198219901193328",NA,"0.00438263710312807","0.00618680950364094"
"266","mat_aggregate",0.00320721022245296,"bin_257",1,1,"NA","0.000233961658869662",NA,"0.00518435602556863","0.0073240797931959"
"267","mat_aggregate",0.003133176626818,"bin_83",1,1,"NA","5.67944712381393e-05",NA,"0.00417765871335287","0.00590166844642791"
"268","mat_aggregate",0.002926705994725,"bin_92",1,1,"NA","6.73774507954101e-05",NA,"0.00471046073708323","0.00666159745940907"
"269","mat_aggregate",0.002918875670893,"bin_176",1,1,"NA","1.92042538945712e-05",NA,"0.0046929359666561","0.00663681369139355"
"270","mat_aggregate",0.002881686956408,"bin_150",0.220671361919847,0.848061353215573,"NA","0.00590283310929101",NA,"1.21271379962767e-05","4.5413597018797e-06"
"271","mat_aggregate",0.00285230865443598,"bin_139",1,1,"NA","0.000180699718260408",NA,"0.003794969073463","0.00535673233183811"
"272","mat_aggregate",0.00278970374336307,"bin_241",0.220671361919847,0.848061353215573,"NA","0.00579207165255078",NA,"6.94927789453803e-05","3.1019795025962e-05"
"273","mat_aggregate",0.00273661138001602,"bin_230",1,1,"NA","5.0828987766609e-05",NA,"0.0044032598133012","0.00622714974662297"
"274","mat_aggregate",0.00265803371645701,"bin_131",0.220671361919847,0.848061353215573,"NA","0.00543272159522624",NA,"3.10569064138888e-06","2.96926893790039e-06"
"275","mat_aggregate",0.00246987879850791,"bin_193",0.220671361919847,0.848061353215573,"NA","0.00513055323586856",NA,"6.02005505747694e-05","1.99454984324818e-05"
"276","mat_aggregate",0.00237618877448509,"bin_246",1,1,"NA","3.58440439820301e-05",NA,"0.00382248271529959","0.00540580689791342"
"277","mat_aggregate",0.00235080204586791,"bin_287",1,1,"NA","0.00299004059429308",NA,"0.00409798492967729","0.00577833417314263"
"278","mat_aggregate",0.002347430412589,"bin_221",1,1,"NA","0.0107564571317326",NA,"0.00572326973033537","0.00700684003125623"
"279","mat_aggregate",0.00233640509247002,"bin_80",1,1,"NA","0.000522686675192912",NA,"0.00381265179459627","0.00538654695392434"
"280","mat_aggregate",0.00232098095605704,"bin_234",0.220671361919847,0.848061353215573,"NA","0.0051939342145771",NA,"0.000355208731032426","0.000477765462391861"
"281","mat_aggregate",0.00231973162482702,"bin_258",1,1,"NA","0.00279388468462542",NA,"0.00315979975820063","0.0039986797817318"
"282","mat_aggregate",0.00231185800695699,"bin_161",0.220671361919847,0.848061353215573,"NA","0.00701090431198662",NA,"0.00149719399100886","0.00207766401489145"
"283","mat_aggregate",0.00220304082207601,"bin_54",0.220671361919847,0.848061353215573,"NA","0.00451345630051752",NA,"1.09740614906659e-05","1.41877701758389e-05"
"284","mat_aggregate",0.00218206862673997,"bin_74",0.220671361919847,0.848061353215573,"NA","0.00450933562363087",NA,"3.78994881997979e-05","3.49636881726062e-06"
"285","mat_aggregate",0.002177413288038,"bin_89",1,1,"NA","0.000117632904633648",NA,"0.00352820155857437","0.00496810012528314"
"286","mat_aggregate",0.00215286922129598,"bin_229",0.220671361919847,0.848061353215573,"NA","0.00460106817442916",NA,"0.00015882645776535","0.000199560796241938"
"287","mat_aggregate",0.00213438566512203,"bin_82",0.220671361919847,0.848061353215573,"NA","0.00518369097167804",NA,"0.000645537800390428","0.000867799319810271"
"288","mat_aggregate",0.00206389978091204,"bin_24",1,1,"NA","0.00031701813909545",NA,"0.00272672969247525","0.00385410571388263"
"289","mat_aggregate",0.002058436272108,"bin_21",1,1,"NA","6.89153984632082e-05",NA,"0.00331520990145533","0.00468841480475169"
"290","mat_aggregate",0.00204350695572397,"bin_273",0.220671361919847,0.848061353215573,"NA","0.00489773864485564",NA,"0.000483676415598383","0.000504246951880356"
"291","mat_aggregate",0.00203797279473994,"bin_173",1,1,"NA","0.0052336249542698",NA,"0.00393050167455873","0.00540657709766808"
"292","mat_aggregate",0.00203381614418408,"bin_252",0.220671361919847,0.848061353215573,"NA","0.0042369910285485",NA,"5.72415010812974e-05","3.27259455350435e-05"
"293","mat_aggregate",0.00201441720962792,"bin_183",1,1,"NA","3.22713294473353e-05",NA,"0.00324070810093179","0.00458305334803009"
"294","mat_aggregate",0.00197006574333103,"bin_278",1,1,"NA","0.00144625164782325",NA,"0.00251848540840494","0.0035395231581471"
"295","mat_aggregate",0.001968066859521,"bin_152",1,1,"NA","0.000136091929729571",NA,"0.00317686542887514","0.00449276617534945"
"296","mat_aggregate",0.00196268137892497,"bin_118",0.220671361919847,0.848061353215573,"NA","0.00412942236577894",NA,"9.38269600247938e-05","0.000114282438619929"
"297","mat_aggregate",0.001961808229474,"bin_190",1,1,"NA","1.44662060914023e-06",NA,"0.00315299814396321","0.00445901273732997"
"298","mat_aggregate",0.00191382148335406,"bin_103",0.220671361919847,0.848061353215573,"NA","0.0044258152019471",NA,"0.000405580792605495","0.000555180671547556"
"299","mat_aggregate",0.00190843116856598,"bin_81",0.220671361919847,0.848061353215573,"NA","0.00425945017881363",NA,"0.000280820389780473","0.000344107643557171"
"300","mat_aggregate",0.00190619835252703,"bin_157",0.479500122186953,0.91592181345906,"NA","0",NA,"0.00306347836088397","0.0043324126459986"
"301","mat_aggregate",0.00187903302653292,"bin_261",1,1,"NA","6.32786924028461e-05",NA,"0.00302631031621613","0.00427984909314246"
"302","mat_aggregate",0.00187134419193302,"bin_28",0.220671361919847,0.848061353215573,"NA","0.00509473111038061",NA,"0.000845671124252532","0.000953466015106148"
"303","mat_aggregate",0.001802821136897,"bin_45",1,1,"NA","0.000412162668805191",NA,"0.00294115150968836","0.00415743904521538"
"304","mat_aggregate",0.00180058180786302,"bin_244",1,1,"NA","3.55554504766714e-05",NA,"0.00289738701205228","0.00409752400788799"
"305","mat_aggregate",0.00177754164615596,"bin_78",0.220671361919847,0.848061353215573,"NA","0.00369644078068211",NA,"4.56394000510411e-05","2.30591347624844e-05"
"306","mat_aggregate",0.00175651654751008,"bin_99",1,1,"NA","0.000109303876884053",NA,"0.00233314692090019","0.00329956801854607"
"307","mat_aggregate",0.00171683026573499,"bin_110",1,1,"NA","0.000852110681936444",NA,"0.00285150074718824","0.00402625904956782"
"308","mat_aggregate",0.00171608300220794,"bin_79",0.220671361919847,0.848061353215573,"NA","0.00391778104004526",NA,"0.000323880593395253","0.000443502814866741"
"309","mat_aggregate",0.0016888960009851,"bin_235",0.220671361919847,0.848061353215573,"NA","0.00346134301320274",NA,"8.36207834791207e-06","3.30182103479311e-06"
"310","mat_aggregate",0.00166803934427595,"bin_267",1,1,"NA","0.00138449263767647",NA,"0.00282778425027442","0.00399259564289314"
"311","mat_aggregate",0.00161948951943902,"bin_279",1,1,"NA","0.00160430956170121",NA,"0.00280314579247815","0.00391819075765889"
"312","mat_aggregate",0.00160269892183196,"bin_86",1,1,"NA","0.000449142821396924",NA,"0.00262178331271052","0.00370776151843868"
"313","mat_aggregate",0.00156826039420199,"bin_266",1,1,"NA","0.000205705066920925",NA,"0.00254536754210563","0.00359469428716156"
"314","mat_aggregate",0.00156763923016001,"bin_204",0.220671361919847,0.848061353215573,"NA","0.0032050610211971",NA,"2.66600058134084e-06","3.77029417942677e-06"
"315","mat_aggregate",0.00156324195908297,"bin_58",0.220671361919847,0.848061353215573,"NA","0.000575334897967985",NA,"0.00252877869175631","0.00243948827824524"
"316","mat_aggregate",0.00154018041189208,"bin_142",1,1,"NA","0.000309777729885056",NA,"0.00203426511294767","0.00286656008242927"
"317","mat_aggregate",0.00153880398939998,"bin_237",1,1,"NA","0.00296892577833139",NA,"0.00209470425698491","0.00250596747140597"
"318","mat_aggregate",0.001528358838354,"bin_133",1,1,"NA","0.000645656733134524",NA,"0.00253296598714836","0.00356868480270277"
"319","mat_aggregate",0.00147265095456495,"bin_57",0.220671361919847,0.848061353215573,"NA","0.00308761442376312",NA,"5.68253066511555e-05","3.47301270448336e-06"
"320","mat_aggregate",0.00146496504856708,"bin_44",0.479500122186953,0.91592181345906,"NA","0",NA,"0.0023543660709735","0.00332957642836179"
"321","mat_aggregate",0.00142353767428394,"bin_281",0.220671361919847,0.848061353215573,"NA","0.00419351934862736",NA,"0.00100921430131306","0.00138793600575448"
"322","mat_aggregate",0.00141520812177398,"bin_245",1,1,"NA","0.000410401883114268",NA,"0.00190161106343377","0.00261315683917893"
"323","mat_aggregate",0.00138608944637397,"bin_196",1,1,"NA","2.41213027327094e-05",NA,"0.00223007780621158","0.00315380627869165"
"324","mat_aggregate",0.001368079201016,"bin_259",1,1,"NA","0.000144884898937148",NA,"0.0018385712100294","0.00255922660169058"
"325","mat_aggregate",0.00135425962995506,"bin_239",0.157299207050284,0.848061353215573,"NA","0.00276587650227623",NA,"0","0"
"326","mat_aggregate",0.00133647880572896,"bin_172",0.220671361919847,0.848061353215573,"NA","0.00285376601044619",NA,"9.77354838347859e-05","0.000138218846764251"
"327","mat_aggregate",0.00131855558043004,"bin_23",0.220671361919847,0.848061353215573,"NA","0.00271307485004261",NA,"1.54848578925017e-05","1.71228445684509e-05"
"328","mat_aggregate",0.00128563654104197,"bin_248",0.220671361919847,0.848061353215573,"NA","0.00267193018357608",NA,"3.25301213391245e-05","6.79899345878971e-06"
"329","mat_aggregate",0.00128282983836603,"bin_227",1,1,"NA","0.000267891487702223",NA,"0.0017254334551386","0.00238219614763"
"330","mat_aggregate",0.001270273687902,"bin_174",1,1,"NA","0.000128098985555837",NA,"0.00205461240292874","0.0029056607256418"
"331","mat_aggregate",0.00124070519956498,"bin_253",1,1,"NA","0.00123812093422437",NA,"0.00212675496641926","0.00300021946980978"
"332","mat_aggregate",0.00118612199496504,"bin_222",1,1,"NA","0.000411260357465651",NA,"0.00196309291818663","0.00275740125660726"
"333","mat_aggregate",0.00111318834348295,"bin_91",1,1,"NA","2.76319148675169e-05",NA,"0.00148493176544228","0.00209574177742313"
"334","mat_aggregate",0.00110793414884802,"bin_216",0.220671361919847,0.848061353215573,"NA","0.0024959100638013",NA,"0.000173732728872348","0.00011186012718023"
"335","mat_aggregate",0.00109323772325498,"bin_285",1,1,"NA","0.000142451946094503",NA,"0.00148224451094004","0.00203986495529434"
"336","mat_aggregate",0.00107465484136604,"bin_148",0.220671361919847,0.848061353215573,"NA","0.00316769364187666",NA,"0.000636118367433051","0.000885095840391653"
"337","mat_aggregate",0.00106539335225198,"bin_247",0.220671361919847,0.848061353215573,"NA","0.00114760120676507",NA,"0.00249402963840696","0.00185555466689626"
"338","mat_aggregate",0.00105790711120202,"bin_90",1,1,"NA","2.00882998223791e-05",NA,"0.00140909034130892","0.00199275467128801"
"339","mat_aggregate",0.00101724390367997,"bin_219",1,1,"NA","0.000763125249062588",NA,"0.0017205616117731","0.00242366012639342"
"340","mat_aggregate",0.00101359632456199,"bin_265",1,1,"NA","0.00112990202279718",NA,"0.00139277774372969","0.00175756534529043"
"341","combined_aggregate",0.0438305266809654,"bin_144",0.563702861650774,0.91592181345906,"NA","0.0695304479762855","0.0536314565688087","0.0574630308112584","0.0805531769955517"
"342","combined_aggregate",0.038663633489977,"bin_2",1,1,"NA","0.0232409612726031","0.0401939084932435","0.0553907761869917","0.0783287441093212"
"343","combined_aggregate",0.0365034856979336,"bin_158",0.0832645166635505,0.848061353215573,"NA","0.0577730756797987","0.039601597592157","0.0037913664574682","0.00333564416939365"
"344","combined_aggregate",0.032080423584321,"bin_147",1,1,"NA","1.22341934923338e-05","4.12258929773491e-06","0.0608716630743684","0.08608087864759"
"345","combined_aggregate",0.028216482824479,"bin_221",0.248213078989924,0.848061353215573,"NA","0.0455474435170841","0.0421757158850029","0.00572326973033537","0.00700684003125623"
"346","combined_aggregate",0.021981555545261,"bin_13",0.767096868410279,1,"NA","0.000333108332786176","0.000499195939114502","0.0417502481947439","0.0590437672294497"
"347","combined_aggregate",0.021478041478242,"bin_197",1,1,"NA","0.0142275284589422","0.024090717376389","0.0307287907639434","0.0432991660245875"
"348","combined_aggregate",0.019486487936188,"bin_251",1,1,"NA","0.0055359197299155","0.00894009397606955","0.0286057150578319","0.0403950604446799"
"349","combined_aggregate",0.018955257539717,"bin_10",1,1,"NA","7.69734374671166e-05","7.36012038646613e-05","0.0359742027841078","0.0508752054728452"
"350","combined_aggregate",0.018723784090615,"bin_289",1,1,"NA","1.89753736606256e-05","1.58619671163854e-05","0.0355288401551978","0.0502433756256238"
"351","combined_aggregate",0.014765585373647,"bin_52",0.563702861650774,0.91592181345906,"NA","0.000379273211759259","0.000643426221192977","0.0220581811825578","0.0311812947287588"
"352","combined_aggregate",0.013775863121035,"bin_151",0.563702861650774,0.91592181345906,"NA","0.0212211630707384","0.0319992027697976","0.00244912791954511","0.00259345840753886"
"353","combined_aggregate",0.013764999631527,"bin_224",1,1,"NA","0.00378225972427919","0.00599948235716747","0.0202020930581187","0.0285566884128764"
"354","combined_aggregate",0.013652579173563,"bin_149",1,1,"NA","1.66584908875603e-05","1.78016007060507e-05","0.0259053196975944","0.0366356544539488"
"355","combined_aggregate",0.013648400454315,"bin_185",1,1,"NA","0.00195062251443721","0.00204329618227851","0.0203323353808709","0.0285651799467637"
"356","combined_aggregate",0.012775656946469,"bin_201",0.248213078989924,0.848061353215573,"NA","0.00850411615720409","0.0111483916919225","0.0255303135970259","0.0139180558157506"
"357","combined_aggregate",0.012508907775072,"bin_277",0.767096868410279,1,"NA","0.000244526412957254","0.000387609795934408","0.0237659037819628","0.0336100634505058"
"358","combined_aggregate",0.012063424921887,"bin_257",0.248213078989924,0.848061353215573,"NA","0.0190510059797413","0.0263925529505986","0.00518435602556863","0.0073240797931959"
"359","combined_aggregate",0.011925598363616,"bin_288",0.563702861650774,0.91592181345906,"NA","0.0153451842082615","0.0230500310114119","0.0109788093378848","0.0151424819452466"
"360","combined_aggregate",0.011438512673155,"bin_111",1,1,"NA","1.55742028355054e-05","1.43485849709052e-05","0.0217044176139763","0.0306946817530948"
"361","combined_aggregate",0.010697040348533,"bin_135",0.248213078989924,0.848061353215573,"NA","0.0161282047290848","0.0144858024446543","0.000812088116241411","0.00113529374827245"
"362","combined_aggregate",0.010247228883587,"bin_87",1,1,"NA","0.0104577682369824","0.0179861404841045","0.0142583073013164","0.0200301508823148"
"363","combined_aggregate",0.00973605347198203,"bin_194",1,1,"NA","0.00423938415823169","0.00727644946215406","0.014117775629796","0.0199655497661978"
"364","combined_aggregate",0.00953345761145796,"bin_226",1,1,"NA","0.00807635379328603","0.013437018432985","0.0134476973511243","0.0189568330753359"
"365","combined_aggregate",0.00857272818114002,"bin_64",0.248213078989924,0.848061353215573,"NA","0.0128408597981092","0.0207375043719479","0.000345886567144022","0.000409059975404892"
"366","combined_aggregate",0.00809384593714901,"bin_242",0.563702861650774,0.91592181345906,"NA","0.0085936604672564","0.0141834240663282","0.0108345393895918","0.0153127671310331"
"367","combined_aggregate",0.00767846351103596,"bin_108",1,1,"NA","0.00157132839080615","0.00170415793899692","0.0113846192833304","0.0160005505555601"
"368","combined_aggregate",0.00763318723670003,"bin_76",1,1,"NA","0.00141015752928489","0.00222455138554259","0.0112726442929736","0.0159389212358702"
"369","combined_aggregate",0.00740164241180696,"bin_34",0.563702861650774,0.91592181345906,"NA","0.0111702268662735","0.0100578026137268","0.000314327342835391","0.000435434478044071"
"370","combined_aggregate",0.00734467724260401,"bin_175",0.563702861650774,0.91592181345906,"NA","0.0107822310564023","0.0181771670643631","0.000327258938595456","0.000405526695384248"
"371","combined_aggregate",0.00733154995253504,"bin_58",0.0832645166635505,0.848061353215573,"NA","0.0135064523349291","0.011803724673324","0.00252877869175631","0.00243948827824524"
"372","combined_aggregate",0.00703532638577398,"bin_173",0.248213078989924,0.848061353215573,"NA","0.0116036472226483","0.0132130864986582","0.00393050167455873","0.00540657709766808"
"373","combined_aggregate",0.00681376430957803,"bin_218",0.248213078989924,0.848061353215573,"NA","0.0103863162671749","0.0155973965856454","6.57540774596021e-05","8.86455094552893e-05"
"374","combined_aggregate",0.00657503193406894,"bin_191",0.563702861650774,0.91592181345906,"NA","0.00868477175417458","0.0142725435338271","0.00561513637849125","0.00182086170166886"
"375","combined_aggregate",0.006471085145213,"bin_234",0.248213078989924,0.848061353215573,"NA","0.00984121031246038","0.00843852536505525","0.000355208731032426","0.000477765462391861"
"376","combined_aggregate",0.00626501666534007,"bin_207",0.563702861650774,0.91592181345906,"NA","0.00924131558144313","0.0105419635156542","0.00879079090701778","0.0124080346500754"
"377","combined_aggregate",0.00624353314663295,"bin_107",0.248213078989924,0.848061353215573,"NA","0.00600172674275685","0.0102511334838469","0.00974010460672259","0.0100264009662126"
"378","combined_aggregate",0.00600317538258899,"bin_62",0.0832645166635505,0.848061353215573,"NA","0.00917431040515276","0.00486861443118719","0.000375250135712582","0.000502356095925623"
"379","combined_aggregate",0.00594141512964796,"bin_264",0.0832645166635505,0.848061353215573,"NA","0.0092515877517658","0.00831060280014701","0.000358383125211024","0.000410056559988509"
"380","combined_aggregate",0.00584586192227809,"bin_260",0.374259319280225,0.91592181345906,"NA","0.00895266925998612","0.0142074799216693","0.000164809524054919","0.000233075864126721"
"381","combined_aggregate",0.00582704740513096,"bin_154",0.563702861650774,0.91592181345906,"NA","0.00202323227623073","0.00198310746658872","0.0114030326371454","0.0159812904489442"
"382","combined_aggregate",0.00577799660971801,"bin_282",0.0832645166635505,0.848061353215573,"NA","0.00883215774909873","0.0147949742125218","1.49979106980557e-05","1.92681442470719e-05"
"383","combined_aggregate",0.005759618714545,"bin_183",0.248213078989924,0.848061353215573,"NA","0.00935341105516569","0.0104095276439866","0.00324070810093179","0.00458305334803009"
"384","combined_aggregate",0.00557069529264198,"bin_284",0.248213078989924,0.848061353215573,"NA","0.00929523567434745","0.0106936513985526","0.00363712970442697","0.00500759882708931"
"385","combined_aggregate",0.00547464488302696,"bin_16",0.248213078989924,0.848061353215573,"NA","0.00857002607530223","0.0104188699552173","0.00105882597645525","0.001495205786682"
"386","combined_aggregate",0.005300899876862,"bin_98",0.248213078989924,0.848061353215573,"NA","0.00197278903804581","0.00327455431090332","0.00784060106091651","0.0108654992597583"
"387","combined_aggregate",0.00505246548325899,"bin_228",1,1,"NA","0.002402587787929","0.00321883222665608","0.0073090230581753","0.0103298336401267"
"388","combined_aggregate",0.00502005178273301,"bin_12",0.563702861650774,0.91592181345906,"NA","0.00329065331148264","0.00339892806562681","0.00721842819258779","0.0100820424988876"
"389","combined_aggregate",0.00469816839994708,"bin_181",0.248213078989924,0.848061353215573,"NA","0.00267120808344863","0.00413268657992493","0.00716168232011482","0.00933695168832744"
"390","combined_aggregate",0.00456587657274199,"bin_258",1,1,"NA","0.00699427815974994","0.00894788560059246","0.00315979975820063","0.0039986797817318"
"391","combined_aggregate",0.00455234200252796,"bin_247",0.0832645166635505,0.848061353215573,"NA","0.00884974141965154","0.00402131086593892","0.00249402963840696","0.00185555466689626"
"392","combined_aggregate",0.00449014640340195,"bin_229",0.0832645166635505,0.848061353215573,"NA","0.00685247149200129","0.00374184941467842","0.00015882645776535","0.000199560796241938"
"393","combined_aggregate",0.00444733331191804,"bin_138",1,1,"NA","0.000321091899036798","0.000287638295710004","0.00848102548737496","0.0119939812670776"
"394","combined_aggregate",0.00442905874348598,"bin_273",0.248213078989924,0.848061353215573,"NA","0.00689883967843445","0.00758007624893671","0.000483676415598383","0.000504246951880356"
"395","combined_aggregate",0.00441201499432498,"bin_189",1,1,"NA","0.00134334275419671","0.000716116364210295","0.00653850593845468","0.00912059750856117"
"396","combined_aggregate",0.00422579012218105,"bin_252",0.0832645166635505,0.848061353215573,"NA","0.00622011253125707","0.00938823222985182","5.72415010812974e-05","3.27259455350435e-05"
"397","combined_aggregate",0.00409109928203599,"bin_133",0.563702861650774,0.91592181345906,"NA","0.00569847399759466","0.00890866187963369","0.00253296598714836","0.00356868480270277"
"398","combined_aggregate",0.00403072456748699,"bin_241",0.0832645166635505,0.848061353215573,"NA","0.00594435531171993","0.00820992706354921","6.94927789453803e-05","3.1019795025962e-05"
"399","combined_aggregate",0.00401414585105697,"bin_275",0.767096868410279,1,"NA","0.000127484860061137","0.00013528392014144","0.0076331300776223","0.0107948760791315"
"400","combined_aggregate",0.00384022905925607,"bin_11",1,1,"NA","0.00448302586644839","0.00555677523508179","0.00528012582505694","0.00745297149732363"
"401","combined_aggregate",0.00383630231364196,"bin_287",0.563702861650774,0.91592181345906,"NA","0.00660112191877449","0.00760166600950993","0.00409798492967729","0.00577833417314263"
"402","combined_aggregate",0.00381514143856099,"bin_223",1,1,"NA","0.00540293466478761","0.00640205927931331","0.00569616473193192","0.00803544775065531"
"403","combined_aggregate",0.00376047370547505,"bin_80",0.248213078989924,0.848061353215573,"NA","0.00667151111466328","0.00566963094980122","0.00381265179459627","0.00538654695392434"
"404","combined_aggregate",0.00373468079671702,"bin_59",1,1,"NA","0.00241892820599241","0.00215073422505136","0.00543207715784106","0.00752347534051671"
"405","combined_aggregate",0.00371650758495601,"bin_232",0.248213078989924,0.848061353215573,"NA","0.0057315067421885","0.00702059038977007","0.00040955682544335","0.000579200817104456"
"406","combined_aggregate",0.00369598453616693,"bin_146",0.563702861650774,0.91592181345906,"NA","0.00474747414017305","0.00599499648965921","0.00622128065164472","0.00870019600364759"
"407","combined_aggregate",0.00362293758971699,"bin_38",0.563702861650774,0.91592181345906,"NA","0.0053334096667564","0.00688795011117825","2.09464096400118e-05","3.34267871572139e-06"
"408","combined_aggregate",0.00355283119267802,"bin_222",0.248213078989924,0.848061353215573,"NA","0.00577550321633395","0.00729926044749934","0.00196309291818663","0.00275740125660726"
"409","combined_aggregate",0.00354796674794799,"bin_160",0.563702861650774,0.91592181345906,"NA","0.000207615140931708","0.000316363947885558","0.00529166097501055","0.00747401303907899"
"410","combined_aggregate",0.00352715919178004,"bin_233",1,1,"NA","0.00566459344264266","0.00511574179811062","0.00745304140457902","0.0105381738548081"
"411","combined_aggregate",0.00335442920013995,"bin_217",0.374259319280225,0.91592181345906,"NA","0.00513279521254192","0.00883398189789742","3.01188207053491e-05","4.25944447241883e-05"
"412","combined_aggregate",0.00334352634748203,"bin_100",1,1,"NA","0.00263297654814773","0.00285297203886496","0.0047282334888844","0.00667941190334395"
"413","combined_aggregate",0.003332128622064,"bin_47",0.563702861650774,0.91592181345906,"NA","0.0046604531101611","0.00800220346165509","0.000879028559622507","0.00122725797862916"
"414","combined_aggregate",0.003319184527101,"bin_279",0.563702861650774,0.91592181345906,"NA","0.00478868667766543","0.00736297470868265","0.00280314579247815","0.00391819075765889"
"415","combined_aggregate",0.00327793781422403,"bin_26",1,1,"NA","0.00142408345722037","0.0012111094037095","0.00476803729461538","0.00671976252149087"
"416","combined_aggregate",0.00323650555505595,"bin_187",0.563702861650774,0.91592181345906,"NA","0.00382721675293329","0.00523451805120359","0.00434871150442013","0.00611373752336752"
"417","combined_aggregate",0.00322629682036801,"bin_255",1,1,"NA","0.00238855740904386","0.0020494151796761","0.00645512391389213","0.00911184676148035"
"418","combined_aggregate",0.00321251301340397,"bin_240",0.563702861650774,0.91592181345906,"NA","0.00166883865528053","0.00277897715490957","0.00470173915629135","0.00653044731984034"
"419","combined_aggregate",0.00319909412419206,"bin_83",0.563702861650774,0.91592181345906,"NA","0.00381986129131579","0.00583793324268478","0.00417765871335287","0.00590166844642791"
"420","combined_aggregate",0.00317588407767799,"bin_129",1,1,"NA","0.00130815086359005","0.0019606071486237","0.00470291834021694","0.00650884526104986"
"421","combined_aggregate",0.00311604341267202,"bin_256",1,1,"NA","0.00270838459178448","0.00465691760887222","0.00438263710312807","0.00618680950364094"
"422","combined_aggregate",0.00311534548033998,"bin_125",0.563702861650774,0.91592181345906,"NA","0.00326725680978195","0.00502139345072476","0.00574596070694004","0.00812601556061751"
"423","combined_aggregate",0.003107509028904,"bin_219",0.563702861650774,0.91592181345906,"NA","0.00479383834365705","0.00661798520798523","0.0017205616117731","0.00242366012639342"
"424","combined_aggregate",0.00306276606495293,"bin_266",0.563702861650774,0.91592181345906,"NA","0.00521003493717759","0.00507917121859377","0.00254536754210563","0.00359469428716156"
"425","combined_aggregate",0.00305714275469304,"bin_82",0.248213078989924,0.848061353215573,"NA","0.00493889843560271","0.00432586225038479","0.000645537800390428","0.000867799319810271"
"426","combined_aggregate",0.003048474344441,"bin_268",0.0832645166635505,0.848061353215573,"NA","0.00466158234718751","0.00654956450529802","3.71656187829498e-05","1.13212059343293e-05"
"427","combined_aggregate",0.00300501134966102,"bin_43",0.563702861650774,0.91592181345906,"NA","0.00450020739587425","0.00686718180641135","0.000159182984171565","0.000100243177948917"
"428","combined_aggregate",0.003002832832671,"bin_20",1,1,"NA","0.00419165342619455","0.00698300004103041","0.00118439432283546","0.00163120995429168"
"429","combined_aggregate",0.00300242255633598,"bin_53",1,1,"NA","0.000242926005285361","0.000288027196681999","0.00573704594556936","0.00810340135888712"
"430","combined_aggregate",0.00297318686816306,"bin_237",0.563702861650774,0.91592181345906,"NA","0.00436731784204158","0.00614351514096324","0.00209470425698491","0.00250596747140597"
"431","combined_aggregate",0.0029333682793079,"bin_156",0.0832645166635505,0.848061353215573,"NA","0.00447304831377995","0.0046373276789277","0.000183056130164778","0.000223579339477167"
"432","combined_aggregate",0.00285875794157309,"bin_68",0.767096868410279,1,"NA","4.81811874661676e-06","7.4222286056583e-06","0.00542457523040012","0.00767150786094501"
"433","combined_aggregate",0.00283957902599297,"bin_75",1,1,"NA","0.00026858009548008","0.000411445039216787","0.00542679334482445","0.00767072826888996"
"434","combined_aggregate",0.00283701935902703,"bin_31",1,1,"NA","0.00139042847104885","0.00134377164240716","0.00556901689992228","0.00787577922895505"
"435","combined_aggregate",0.00282539087479394,"bin_238",0.0832645166635505,0.848061353215573,"NA","0.00432930672837249","0.00740252824586113","1.70243876245403e-05","2.40761198697216e-05"
"436","combined_aggregate",0.00271076445177898,"bin_112",0.0832645166635505,0.848061353215573,"NA","0.00407584269432867","0.00608452309026475","7.61245114389795e-05","9.87701617662289e-05"
"437","combined_aggregate",0.00270014140407304,"bin_139",1,1,"NA","0.00237525063924836","0.00395073628628691","0.003794969073463","0.00535673233183811"
"438","combined_aggregate",0.00263880718819898,"bin_278",0.563702861650774,0.91592181345906,"NA","0.00327899090956087","0.00507688194309712","0.00251848540840494","0.0035395231581471"
"439","combined_aggregate",0.00261712460448404,"bin_73",0.248213078989924,0.848061353215573,"NA","0.00390232672735219","0.00398238356402677","0.000107895818352492","0.000146315494961408"
"440","combined_aggregate",0.00260587496934694,"bin_236",0.563702861650774,0.91592181345906,"NA","0.00398161917508681","0.0068919338688857","8.42040281114538e-06","1.19082478561663e-05"
"441","combined_aggregate",0.00258432363295802,"bin_214",0.563702861650774,0.91592181345906,"NA","0.00385492034814346","0.00531613261935908","0.000227668790952929","0.000307494519150933"
"442","combined_aggregate",0.00249368810349404,"bin_103",0.0832645166635505,0.848061353215573,"NA","0.00405442019431472","0.00279315962908038","0.000405580792605495","0.000555180671547556"
"443","combined_aggregate",0.00247117873319203,"bin_92",0.767096868410279,1,"NA","0.000162834634375384","0.000229082230434773","0.00471046073708323","0.00666159745940907"
"444","combined_aggregate",0.00246885096027794,"bin_176",1,1,"NA","6.5370222857926e-05","6.41319833792196e-05","0.0046929359666561","0.00663681369139355"
"445","combined_aggregate",0.00242336314902802,"bin_65",0.248213078989924,0.848061353215573,"NA","0.0036071692166387","0.00367489776727003","3.24431089381918e-05","4.58814846659387e-05"
"446","combined_aggregate",0.00238057141366099,"bin_285",1,1,"NA","0.00305326647979849","0.00524719733051001","0.00148224451094004","0.00203986495529434"
"447","combined_aggregate",0.00235988675263199,"bin_205",0.248213078989924,0.848061353215573,"NA","0.00364604760413852","0.0059757496363477","0.000111534189464048","0.000157733163408346"
"448","combined_aggregate",0.00233612640993797,"bin_15",0.563702861650774,0.91592181345906,"NA","0.00375947454692913","0.00324483533068824","0.0009965326781934","0.00138054223968485"
"449","combined_aggregate",0.00232115812956502,"bin_110",0.563702861650774,0.91592181345906,"NA","0.00299212955490011","0.00432193458715855","0.00285150074718824","0.00402625904956782"
"450","combined_aggregate",0.00231913877913703,"bin_230",1,1,"NA","2.34760614551542e-05","2.08605736489355e-05","0.0044032598133012","0.00622714974662297"
"451","combined_aggregate",0.00230474725819896,"bin_286",0.248213078989924,0.848061353215573,"NA","0.00380088027917978","0.00406976678926557","0.00149834423595659","0.00211505932634399"
"452","combined_aggregate",0.00222744380753004,"bin_216",0.248213078989924,0.848061353215573,"NA","0.00342683585943001","0.00563220379438798","0.000173732728872348","0.00011186012718023"
"453","combined_aggregate",0.00220607662004801,"bin_102",0.374259319280225,0.91592181345906,"NA","0.00330679293935588","0.00451413764429021","0.000270939416789027","0.000383166197804499"
"454","combined_aggregate",0.00220335471682298,"bin_249",0.563702861650774,0.91592181345906,"NA","0.00327765481229284","0.00290055951750897","3.05938692908229e-06","1.11647437633457e-08"
"455","combined_aggregate",0.00220279164561599,"bin_225",0.563702861650774,0.91592181345906,"NA","0.00352842531724589","0.00532735710689959","0.000721048369295661","0.00101971638298493"
"456","combined_aggregate",0.00219847851773602,"bin_248",0.563702861650774,0.91592181345906,"NA","0.00324400382178801","0.00454061280495961","3.25301213391245e-05","6.79899345878971e-06"
"457","combined_aggregate",0.00219458601696498,"bin_199",0.563702861650774,0.91592181345906,"NA","0.00328375918619145","0.00525084991670195","0.00103286158780678","0.00146068686553056"
"458","combined_aggregate",0.00218234495240699,"bin_231",1,1,"NA","0.0033634532687813","0.00441546642717179","0.00139739309712776","0.00136096275344466"
"459","combined_aggregate",0.00217759075313206,"bin_7",0.248213078989924,0.848061353215573,"NA","0.00357078593688731","0.0036501231162857","0.00107741840191029","0.00152369971633187"
"460","combined_aggregate",0.00215157817882694,"bin_84",0.248213078989924,0.848061353215573,"NA","0.00337383093289108","0.00537827115223234","0.000228195540813875","0.000320907140387503"
"461","combined_aggregate",0.00213812584067707,"bin_174",0.374259319280225,0.91592181345906,"NA","0.00373448597266827","0.00323542725964377","0.00205461240292874","0.0029056607256418"
"462","combined_aggregate",0.00213121259318994,"bin_281",0.0832645166635505,0.848061353215573,"NA","0.0039461042346122","0.00103928048291462","0.00100921430131306","0.00138793600575448"
"463","combined_aggregate",0.00208668677185098,"bin_134",0.248213078989924,0.848061353215573,"NA","0.0030486463668518","0.00497605475246034","6.58274978252516e-06","6.84643086333326e-06"
"464","combined_aggregate",0.00204266489823501,"bin_89",0.563702861650774,0.91592181345906,"NA","0.00285229407962303","0.00320486292607551","0.00352820155857437","0.00496810012528314"
"465","combined_aggregate",0.002013309021346,"bin_246",1,1,"NA","1.95597332867515e-05","1.73005244179727e-05","0.00382248271529959","0.00540580689791342"
"466","combined_aggregate",0.00200121373538698,"bin_123",0.248213078989924,0.848061353215573,"NA","0.00311689689961198","0.00256881484874252","0.000176495053671395","0.0002254129983373"
"467","combined_aggregate",0.00195708265104499,"bin_262",0.767096868410279,1,"NA","0.00304139446132953","0.00466925859640863","0.000839361283577286","0.00118703611096589"
"468","combined_aggregate",0.00194448000340708,"bin_23",0.0832645166635505,0.848061353215573,"NA","0.00293204384115077","0.00216484260962649","1.54848578925017e-05","1.71228445684509e-05"
"469","combined_aggregate",0.00193933619217601,"bin_99",0.563702861650774,0.91592181345906,"NA","0.00209705198107864","0.00360446748154139","0.00233314692090019","0.00329956801854607"
"470","combined_aggregate",0.00189268680822696,"bin_24",1,1,"NA","0.00100299462066799","0.000871867326254685","0.00272672969247525","0.00385410571388263"
"471","combined_aggregate",0.001880215536471,"bin_200",0.0755605675259413,0.848061353215573,"NA","0.00287060917905165","0.00479378509811404","0","0"
"472","combined_aggregate",0.00176323027229797,"bin_33",0.248213078989924,0.848061353215573,"NA","0.00266014895711217","0.00262870715527926","0.000186121626756212","0.000261886766083554"
"473","combined_aggregate",0.00176156551085604,"bin_254",1,1,"NA","0.00255525458956066","0.00409815916536948","0.000780312825722048","0.000815111815318762"
"474","combined_aggregate",0.001747198623126,"bin_21",0.767096868410279,1,"NA","1.82079968070541e-06","1.69290487080738e-06","0.00331520990145533","0.00468841480475169"
"475","combined_aggregate",0.00172460490382598,"bin_36",0.0832645166635505,0.848061353215573,"NA","0.00328930218030222","0.00078515526320004","0.000817683662272257","0.000139649768520829"
"476","combined_aggregate",0.00170890122654899,"bin_250",0.563702861650774,0.91592181345906,"NA","0.00231306861206772","0.00301965229652774","0.00242286011888106","0.00265550493617993"
"477","combined_aggregate",0.00170326785427399,"bin_186",0.248213078989924,0.848061353215573,"NA","0.00254264897316408","0.00220092860419085","7.96976955549579e-06","1.02617659565058e-05"
"478","combined_aggregate",0.00168161562027902,"bin_95",0.563702861650774,0.91592181345906,"NA","0.00199801443130435","0.00342711827172276","0.00179151647594366","0.000914924965658514"
"479","combined_aggregate",0.001678284972496,"bin_276",0.248213078989924,0.848061353215573,"NA","0.00256795892339394","0.00439648795183727","6.39284100577835e-06","7.27182584365167e-06"
"480","combined_aggregate",0.00166727630154806,"bin_152",1,1,"NA","0.000101119185668229","0.000113357084218904","0.00317686542887514","0.00449276617534945"
"481","combined_aggregate",0.00166169836298491,"bin_190",0.518605016428726,0.91592181345906,"NA","1.87745331909467e-06","3.25184453751079e-06","0.00315299814396321","0.00445901273732997"
"482","combined_aggregate",0.00165402351798205,"bin_227",1,1,"NA","0.00190184705836514","0.00323884951876596","0.0017254334551386","0.00238219614763"
"483","combined_aggregate",0.00160572803677594,"bin_55",0.248213078989924,0.848061353215573,"NA","0.00307982790837812","0.00234001361945625","0.00079234468471021","0.000907634409661175"
"484","combined_aggregate",0.00154996246191808,"bin_106",0.374259319280225,0.91592181345906,"NA","0.00229454539907179","0.0029532969140759","6.63153429188006e-05","9.37840573491904e-05"
"485","combined_aggregate",0.00152876430194493,"bin_267",0.563702861650774,0.91592181345906,"NA","0.00165960597093915","0.00242894534719356","0.00282778425027442","0.00399259564289314"
"486","combined_aggregate",0.001526137999737,"bin_261",0.767096868410279,1,"NA","0.000972970499461268","0.00135010892644465","0.00302631031621613","0.00427984909314246"
"487","combined_aggregate",0.0014994209115331,"bin_220",0.248213078989924,0.848061353215573,"NA","0.00225713141811615","0.00212290893434784","2.56754864031143e-05","3.63106210918103e-05"
"488","combined_aggregate",0.00149417969713195,"bin_157",0.767096868410279,1,"NA","0.00170709266544067","0.00212276974618578","0.00306347836088397","0.0043324126459986"
"489","combined_aggregate",0.00149386293902698,"bin_19",0.563702861650774,0.91592181345906,"NA","0.0021775330990492","0.00369096320460073","0.000189525167615275","0.000253361446339539"
"490","combined_aggregate",0.00148368069684501,"bin_141",0.563702861650774,0.91592181345906,"NA","0.0021720006528292","0.00371615752651034","1.76864968783006e-05","1.36141228570554e-06"
"491","combined_aggregate",0.00148332344058799,"bin_235",0.248213078989924,0.848061353215573,"NA","0.00221621978586978","0.00191891652133723","8.36207834791207e-06","3.30182103479311e-06"
"492","combined_aggregate",0.00147886202319103,"bin_30",0.0832645166635505,0.848061353215573,"NA","0.00221365267877784","0.00350782577959273","3.0227224169925e-05","1.75929933135888e-06"
"493","combined_aggregate",0.00143775472332697,"bin_45",1,1,"NA","0.001578898970141","0.00138060005785333","0.00294115150968836","0.00415743904521538"
"494","combined_aggregate",0.00143428051106698,"bin_153",0.0832645166635505,0.848061353215573,"NA","0.00219203987599641","0.00136417615067024","4.83798059671962e-05","2.81837843940418e-05"
"495","combined_aggregate",0.00142348258470804,"bin_280",0.0832645166635505,0.848061353215573,"NA","0.00211333207948729","0.00251899275806978","2.10328961352305e-05","3.02468519239243e-07"
"496","combined_aggregate",0.00141650249098402,"bin_244",0.563702861650774,0.91592181345906,"NA","0.00251136078607494","0.00214850100341266","0.00289738701205228","0.00409752400788799"
"497","combined_aggregate",0.001388378491885,"bin_142",1,1,"NA","0.000467178005170063","0.00077606033363268","0.00203426511294767","0.00286656008242927"
"498","combined_aggregate",0.00136870791716603,"bin_69",0.0832645166635505,0.848061353215573,"NA","0.00235933664807281","0.000867882173444066","0.000329191903358724","0.000251608158429187"
"499","combined_aggregate",0.0013608837045419,"bin_130",0.563702861650774,0.91592181345906,"NA","0.00210845145329484","0.00212271940851787","0.0002091337507276","0.000280812623076832"
"500","combined_aggregate",0.00134257488106204,"bin_245",0.563702861650774,0.91592181345906,"NA","0.00142908868241776","0.00177891518803044","0.00190161106343377","0.00261315683917893"
"501","combined_aggregate",0.00133749079566903,"bin_86",1,1,"NA","0.000628943679213844","0.000941639423335215","0.00262178331271052","0.00370776151843868"
"502","combined_aggregate",0.00132497970485701,"bin_269",0.374259319280225,0.91592181345906,"NA","0.00202260553189968","0.00338320153920162","1.04463033138462e-06","1.47733038231043e-06"
"503","combined_aggregate",0.00130276144617392,"bin_283",0.0832645166635505,0.848061353215573,"NA","0.00199661507721709","0.0017680202914083","7.14219940068124e-05","6.00772380653118e-05"
"504","combined_aggregate",0.00128968685743203,"bin_274",0.563702861650774,0.91592181345906,"NA","0.000798269738082565","0.000979637948673347","0.00211666278446911","0.00237652324322138"
"505","combined_aggregate",0.001284580710045,"bin_253",0.563702861650774,0.91592181345906,"NA","0.00148339470808945","0.00215316106897755","0.00212675496641926","0.00300021946980978"
"506","combined_aggregate",0.00128081537940106,"bin_170",0.0832645166635505,0.848061353215573,"NA","0.00188524926191523","0.00294580819193429","2.06861704533196e-05","2.12456821418721e-05"
"507","combined_aggregate",0.00126254339384102,"bin_117",0.563702861650774,0.91592181345906,"NA","0.00210891948034708","0.00211929415496375","0.00124415754743129","0.00168113014759953"
"508","combined_aggregate",0.00124151229049596,"bin_155",1,1,"NA","0.00165959067273126","0.00282875017885265","0.000636686289837633","0.000888464389993921"
"509","combined_aggregate",0.001240901333453,"bin_44",0.220671361919847,0.848061353215573,"NA","0","0","0.0023543660709735","0.00332957642836179"
"510","combined_aggregate",0.00123930348180801,"bin_259",0.563702861650774,0.91592181345906,"NA","0.000363469747080807","0.000596303223915992","0.0018385712100294","0.00255922660169058"
"511","combined_aggregate",0.00123377123916801,"bin_88",1,1,"NA","0.00212747937773137","0.00276451254761575","0.00116796436056504","0.000595348886976689"
"512","combined_aggregate",0.00123307910524195,"bin_109",0.248213078989924,0.848061353215573,"NA","0.00191243161791039","0.00286250294049086","0.000133103450108881","0.00018823670434263"
"513","combined_aggregate",0.00118989053986895,"bin_96",0.563702861650774,0.91592181345906,"NA","0.0018660845946356","0.00301981870683349","0.000161455011107492","8.12687924855209e-05"
"514","combined_aggregate",0.00117156270220509,"bin_114",0.563702861650774,0.91592181345906,"NA","0.00142647686426634","0.00234768986280208","0.00123552961981233","0.00174730274505227"
"515","combined_aggregate",0.00117100539681891,"bin_118",0.248213078989924,0.848061353215573,"NA","0.00174702725750577","0.00280246481918154","9.38269600247938e-05","0.000114282438619929"
"516","combined_aggregate",0.00116118156828804,"bin_143",1,1,"NA","0.00154703983598282","0.00253257154403754","0.000672462523048471","0.000934757283636278"
"517","combined_aggregate",0.00115685046653802,"bin_209",0.248213078989924,0.848061353215573,"NA","0.00207490515915082","0.00186435997536355","0.00133259666096358","0.00188006131827038"
"518","combined_aggregate",0.00115664669388504,"bin_74",0.0832645166635505,0.848061353215573,"NA","0.00173353969775579","0.00181620345448598","3.78994881997979e-05","3.49636881726062e-06"
"519","combined_aggregate",0.001154469756531,"bin_168",0.563702861650774,0.91592181345906,"NA","0.00154509226348126","0.00260596169735871","0.000630845078090995","0.000884419385318258"
"520","combined_aggregate",0.0011543301798379,"bin_113",0.563702861650774,0.91592181345906,"NA","0.00177348214613692","0.00265038317558736","0.000161948423791795","0.000174646437814525"
"521","combined_aggregate",0.00114937550420902,"bin_27",0.0832645166635505,0.848061353215573,"NA","0.00179784658805426","0.00189341468771236","9.8091118368371e-05","0.000103114221881058"
"522","combined_aggregate",0.00113412783480604,"bin_196",0.767096868410279,1,"NA","0.000582990788782669","0.000645926657943892","0.00223007780621158","0.00315380627869165"
"523","combined_aggregate",0.00113404390693395,"bin_145",0.374259319280225,0.91592181345906,"NA","0.0018308053220648","0.00259217598121731","0.000400830994168285","0.00056686062817228"
"524","combined_aggregate",0.00111579568634901,"bin_212",0.0832645166635505,0.848061353215573,"NA","0.00170558883809033","0.00134395132532073","3.82078562311105e-05","1.73878479587808e-05"
"525","combined_aggregate",0.00111334958704701,"bin_56",1,1,"NA","0.00169565691816161","0.00293696393446158","2.22491639009524e-05","3.14650693401887e-05"
"526","combined_aggregate",0.00109507735121606,"bin_101",0.767096868410279,1,"NA","0.00124461526429666","0.00207173903777662","0.00143519860424131","0.00202967733081699"
"527","combined_aggregate",0.00108604081940999,"bin_9",0.563702861650774,0.91592181345906,"NA","0.00160808027034634","0.00217463350032674","4.25379799082214e-05","5.23306963736067e-05"
"528","combined_aggregate",0.00107717697101395,"bin_270",0.563702861650774,0.91592181345906,"NA","0.00207789207012321","0.00177280533557079","0.00155634177177717","0.00155094670241147"
"529","combined_aggregate",0.00107290545676408,"bin_29",1,1,"NA","0.00156428189637133","0.00261673359136344","0.000142806614559043","0.000201014402104264"
"530","combined_aggregate",0.00105425620119792,"bin_72",0.248213078989924,0.848061353215573,"NA","0.00155208517071783","0.00250920317634391","4.33096468102831e-05","5.78196033074827e-05"
"531","combined_aggregate",0.00104630074270107,"bin_91",1,1,"NA","0.00078633081380907","0.00135341930307487","0.00148493176544228","0.00209574177742313"
"532","combined_aggregate",0.001015792221432,"bin_8",0.0832645166635505,0.848061353215573,"NA","0.00162575903390554","0.00123445898243021","0.000141250712756412","0.000188487426890461"
"533","combined_aggregate",0.00100307306488101,"bin_161",1,1,"NA","0.000270506789022903","0.000255738645466962","0.00149719399100886","0.00207766401489145"
